date,symbol,current_price,skewed_pct_up,skewed_pct_down,smoothed_skew_bias_pct,avg_rr_long_5d,avg_rr_short_5d,long_bias,short_bias,condition,sortino_z,omega_z,risk_ratio_component,correlation_input,momentum_rsi_z,momentum_macro_input,zskew,raw_aggregate_score,smooth_score_3d,normalized_score,rank_desc,rank_asc,mse_21d,mse_mean_20d,mse_std_20d,confidence,deviation_from_mean_pct,regime_state,deviation_state,action
2026-06-28,BTC,59550.2,6.060900812080172,-4.7069622417340256,0.989316099309745,0.3449013180905845,5.998226525313614,False,True,Bearish,-0.2495426871206021,-0.1239802347785447,-0.1867614609495734,1.72,-0.094356028616693,-1.3199999999999998,0.382728435833506,0.1489917437209832,-0.0042932521548516,0.5646640633848433,4.0,6.0,0.1969628055749162,0.3050486401274341,0.0562167875611876,Reliable,-16.1849612554192,NEUTRAL,NEUTRAL,NO TRADE
2026-06-28,ETH,1571.1,8.202391332849723,-8.231541094013428,0.5140518765183177,0.3783205229898557,4.914262835179716,False,True,Bearish,0.5248524577383946,0.6864226022555521,0.6056375299969734,-0.5,0.4845974040927093,0.3345974040927093,0.6114209355095243,0.2629139673998018,0.1368646239668797,0.644463466391073,3.0,7.0,0.0996827250775934,0.180734896150214,0.0535629058015,Reliable,-6.72906492723868,NEUTRAL,NEUTRAL,NO TRADE
2026-06-28,SOL,71.35,9.196759363161222,-9.669651500093313,-0.6195654641525938,1.1494928273770366,1.515093868644864,False,True,Neutral,0.6748804216520097,0.7310020484652788,0.7029412350586443,2.08,1.131526675181551,0.9815266751815508,0.8022802338486104,1.1416870360222011,0.7657763711387323,1.0,1.0,9.0,0.0942717792304949,0.1417176405159964,0.0411091303536891,Moderate,31.56016107751397,NEUTRAL,NEUTRAL,NO TRADE
2026-06-28,SUI,0.681,10.396151327620217,-16.48476697407325,-3.105682752923411,0.8524082697847604,1.2085652194354135,False,True,Neutral,-0.5681921760839864,-0.649142318598117,-0.6086672473410517,0.16,-0.647828506237901,-0.797828506237901,0.8877372998461819,-0.0896896134331927,-0.0491788562950474,0.5392893233251906,5.0,5.0,0.1426812625971285,0.8953882688601457,0.6389148147096806,Moderate,-5.588191751073907,NEUTRAL,NEUTRAL,NO TRADE
2026-06-28,BNB,551.43,6.73602400432205,-3.4235099889981524,1.6781972360483175,0.4279016019058243,2.991210356679008,False,True,Bearish,-0.8734502179432228,-0.7336112675411545,-0.8035307427421886,-0.59,-1.4462574529352437,-1.5962574529352436,-0.2063169587839572,-0.7990262886153474,-1.003132553038452,0.0,9.0,1.0,0.150371648581778,0.4353291109689179,0.1843617866638019,Reliable,-25.93729915554531,NEUTRAL,NEUTRAL,SHORT
2026-06-28,CRV,0.1892,9.9482530194273,-13.743083433433313,-1.927942897735535,0.5547141417266672,2.027139023859857,False,True,Neutral,0.229286643505087,0.3448340789798043,0.2870603612424456,-1.65,-0.6472095117649338,-0.7972095117649338,0.2801705669101137,-0.4699946459030936,-0.6503278229056962,0.1994476512106831,7.0,3.0,0.3117880863310556,0.5130576708290203,0.1499984835729668,Moderate,-17.149340497220237,NEUTRAL,NEUTRAL,NO TRADE
2026-06-28,VET,0.004511,8.151921187068488,-8.370643875823236,0.128666525019927,0.4793274208084404,3.9032522925974726,False,True,Bearish,0.8816567148460339,1.0242452672178877,0.9529509910319608,-0.5,-0.1251501436240591,-0.2751501436240592,-0.2562801968038716,-0.0196198373489925,-0.2020266968021201,0.4528813469630551,6.0,4.0,0.0893003756309096,0.1624112265904411,0.0245742804009078,Reliable,6.724657159643856,NEUTRAL,NEUTRAL,NO TRADE
2026-06-28,UNI,2.923,11.352436522132358,-18.79978365718211,-4.051331588458096,0.9703481283580996,1.0615651811325924,False,True,Neutral,1.107476757940558,1.1389712826602507,1.1232240203004045,-0.13,1.258541488226607,1.1085414882266071,-0.0281424078253687,0.5184057751754106,0.3397432141942927,0.7591548376960048,2.0,8.0,0.2345369757782689,0.1855123837446558,0.0378341793975098,Moderate,1.46064652623207,NEUTRAL,NEUTRAL,NO TRADE
2026-06-28,GOLD,4065.01,4.975817206988498,-4.214746992444152,0.5182342552948471,0.784676029757968,1.8695204879060137,False,True,Bearish,-0.1953398111220049,-0.2744597608640686,-0.2348997859930367,0.51,-0.8399793430507884,-2.7699793430507884,0.2730729673452333,-0.555451540424648,-0.6836415142976819,0.1806147475282724,8.0,2.0,0.1854443894079222,0.1888312219890295,0.0253950843740955,Moderate,8.981735995552569,NEUTRAL,NEUTRAL,SHORT
